path,views
/articles/39_9.html,0
/articles/39_8.html,0
/articles/39_7.html,0
/articles/39_6.html,0
/articles/39_5.html,0
/articles/39_4.html,0
/articles/39_3.html,0
/articles/39_2.html,0
/articles/39_10.html,0
/articles/39_1.html,0
/articles/39.html,0
/articles/38_5_1.html,0
/articles/38_5.html,0
/articles/38_4.html,0
/articles/38_3.html,0
/articles/38_2.html,0
/articles/38_1.html,0
/articles/38.html,0
/articles/37_4_1.html,0
/articles/37_4.html,0
/articles/37_3.html,0
/articles/37_2.html,0
/articles/37_1.html,0
/articles/37.html,0
/articles/36_6.html,0
/articles/36_5.html,0
/articles/36_4.html,0
/articles/36_3.html,0
/articles/36_2.html,0
/articles/36_1_1.html,0
/articles/36_1.html,0
/articles/36.html,0
/articles/35_6.html,0
/articles/35_5.html,0
/articles/35_4.html,0
/articles/35_3.html,0
/articles/35_2.html,0
/articles/35_1.html,0
/articles/35.html,0
/articles/34_9.html,0
/articles/34_8.html,0
/articles/34_7.html,0
/articles/34_6.html,0
/articles/34_5.html,0
/articles/34_4.html,0
/articles/34_3.html,0
/articles/34_2.html,0
/articles/34_17.html,0
/articles/34_16.html,0
/articles/34_15.html,0
/articles/34_14.html,0
/articles/34_13.html,0
/articles/34_12.html,0
/articles/34_11.html,0
/articles/34_10.html,0
/articles/34_1.html,0
/articles/34.html,0
/articles/33_6.html,0
/articles/33_5.html,0
/articles/33_4.html,0
/articles/33_3.html,0
/articles/33_2.html,0
/articles/33_1.html,0
/articles/33.html,0
/articles/32_5.html,0
/articles/32_4.html,0
/articles/32_3.html,0
/articles/32_2.html,0
/articles/32_1.html,0
/articles/32.html,0
/articles/31_5.html,0
/articles/31_4.html,0
/articles/31_3.html,0
/articles/31_2.html,0
/articles/31_1.html,0
/articles/31.html,0
/articles/30_9.html,0
/articles/30_8.html,0
/articles/30_7.html,0
/articles/30_6.html,0
/articles/30_5.html,0
/articles/30_4.html,0
/articles/30_3.html,0
/articles/30_2_1.html,0
/articles/30_23.html,0
/articles/30_22.html,0
/articles/30_21.html,0
/articles/30_20.html,0
/articles/30_2.html,0
/articles/30_19.html,0
/articles/30_18.html,0
/articles/30_17.html,0
/articles/30_16.html,0
/articles/30_15.html,0
/articles/30_14.html,0
/articles/30_13.html,0
/articles/30_12.html,0
/articles/30_11.html,0
/articles/30_10.html,0
/articles/30_1.html,0
/articles/30.html,0
/articles/29_9.html,0
/articles/29_8.html,0
/articles/29_7.html,0
/articles/29_6.html,0
/articles/29_5.html,0
/articles/29_4.html,0
/articles/29_3.html,0
/articles/29_2.html,0
/articles/29_11.html,0
/articles/29_10.html,0
/articles/29_1.html,0
/articles/29.html,0
/articles/28_6.html,0
/articles/28_5.html,0
/articles/28_4.html,0
/articles/28_3.html,0
/articles/28_2.html,0
/articles/28_1.html,0
/articles/28.html,0
/articles/27_5.html,0
/articles/27_4_1.html,0
/articles/27_4.html,0
/articles/27_3.html,0
/articles/27_2.html,0
/articles/27_1.html,0
/articles/27.html,0
/articles/26_9.html,0
/articles/26_8.html,0
/articles/26_7.html,0
/articles/26_6.html,0
/articles/26_5.html,0
/articles/26_4.html,0
/articles/26_3.html,0
/articles/26_2.html,0
/articles/26_1_1.html,0
/articles/26_11.html,0
/articles/26_10.html,0
/articles/26_1.html,0
/articles/26.html,0
/articles/25_5.html,0
/articles/25_4.html,0
/articles/25_3.html,0
/articles/25_2.html,0
/articles/25_1.html,0
/articles/25.html,0
/articles/24_5.html,0
/articles/24_4.html,0
/articles/24_3.html,0
/articles/24_2.html,0
/articles/24_1.html,0
/articles/24.html,0
/articles/23_5.html,0
/articles/23_4.html,0
/articles/23_3.html,0
/articles/23_2.html,0
/articles/23_1_1.html,0
/articles/23_1.html,0
/articles/23.html,0
/articles/22_5.html,0
/articles/22_4.html,0
/articles/22_3.html,0
/articles/22_2.html,0
/articles/22_1.html,0
/articles/22.html,0
/articles/21_5.html,0
/articles/21_4.html,0
/articles/21_3.html,0
/articles/21_2.html,0
/articles/21_1.html,0
/articles/21.html,0
/articles/20_5.html,0
/articles/20_4_1.html,0
/articles/20_4.html,0
/articles/20_3.html,0
/articles/20_2.html,0
/articles/20_1_3.html,0
/articles/20_1_2.html,0
/articles/20_1_1.html,0
/articles/20_1.html,0
/articles/20.html,0
/articles/19_8.html,0
/articles/19_7.html,0
/articles/19_6_1.html,0
/articles/19_6.html,0
/articles/19_5.html,0
/articles/19_4.html,0
/articles/19_3.html,0
/articles/19_2_1.html,0
/articles/19_2.html,0
/articles/19_1.html,0
/articles/19.html,0
/articles/18_5.html,0
/articles/18_4.html,0
/articles/18_3.html,0
/articles/18_2.html,0
/articles/18_1.html,0
/articles/18.html,0
/articles/17_5.html,0
/articles/17_4.html,0
/articles/17_3.html,0
/articles/17_2.html,0
/articles/17_1.html,0
/articles/17.html,0
/articles/16_4.html,0
/articles/16_3.html,0
/articles/16_2.html,0
/articles/16_1.html,0
/articles/16.html,0
/articles/15_5.html,0
/articles/15_4.html,0
/articles/15_3.html,0
/articles/15_2.html,0
/articles/15_1.html,0
/articles/15.html,0
/articles/14_5.html,0
/articles/14_4.html,0
/articles/14_3.html,0
/articles/14_2.html,0
/articles/14_1.html,0
/articles/14.html,0
/articles/13_5.html,0
/articles/13_4.html,0
/articles/13_3.html,0
/articles/13_2.html,0
/articles/13_1.html,0
/articles/13.html,0
/articles/7_8.html,0
/articles/7_7.html,0
/articles/7_6.html,0
/articles/7_5.html,0
/articles/7_4.html,0
/articles/7_3.html,0
/articles/7_2.html,0
/articles/7_1.html,0
/articles/7.html,0
/articles/1_6.html,0
/articles/9_5.html,0
/articles/9_4.html,0
/articles/9_3.html,0
/articles/9_2.html,0
/articles/9_1.html,0
/articles/9.html,0
/articles/8_5.html,0
/articles/8_4.html,0
/articles/8_3.html,0
/articles/8_2.html,0
/articles/8_1.html,0
/articles/8.html,0
/articles/6_5.html,0
/articles/6_4.html,0
/articles/6_3.html,0
/articles/6_2.html,0
/articles/6_1.html,0
/articles/6.html,0
/articles/12_5.html,0
/articles/12_4.html,0
/articles/12_3.html,0
/articles/12_2.html,0
/articles/12_1.html,0
/articles/12.html,0
/articles/11_5.html,0
/articles/11_4.html,0
/articles/11_3.html,0
/articles/11_2.html,0
/articles/11_1.html,0
/articles/11.html,0
/articles/10_7.html,0
/articles/10_6.html,0
/articles/10_5.html,0
/articles/10_4.html,0
/articles/10_3.html,0
/articles/10_2.html,0
/articles/10_1.html,0
/articles/10.html,0
/articles/5_5.html,0
/articles/5_4.html,0
/articles/5_3.html,0
/articles/5_2.html,0
/articles/5_1.html,0
/articles/5.html,0
/articles/4_5.html,0
/articles/4_4.html,0
/articles/4_3.html,0
/articles/4_2.html,0
/articles/4_1.html,0
/articles/4.html,0
/articles/3_5.html,0
/articles/3_4.html,0
/articles/3_3.html,0
/articles/3_2.html,0
/articles/3_1.html,0
/articles/3.html,0
/articles/2_5.html,0
/articles/2_4.html,0
/articles/2_3.html,0
/articles/2_2.html,0
/articles/2_1.html,0
/articles/2.html,0
/articles/1_5.html,0
/articles/1_4.html,0
/articles/1_3.html,0
/articles/1_2.html,0
/articles/1_1.html,0
/articles/1.html,0
